                  epoch,         train/box_loss,         train/cls_loss,         train/dfl_loss,   metrics/precision(B),      metrics/recall(B),       metrics/mAP50(B),    metrics/mAP50-95(B),           val/box_loss,           val/cls_loss,           val/dfl_loss,                 lr/pg0,                 lr/pg1,                 lr/pg2
                      1,                 2.0969,                 5.6089,                 1.7957,                0.72431,                0.03362,                0.02091,                0.01137,                 2.3931,                 4.2686,                 1.9458,             2.6663e-06,             2.6663e-06,             2.6663e-06
                      2,                 2.0212,                 4.1308,                 1.6757,                0.46922,                0.04283,                0.02765,                0.01596,                 2.2675,                 3.8085,                 1.8717,              4.277e-06,              4.277e-06,              4.277e-06
                      3,                 1.9351,                 3.7092,                 1.6294,                0.36857,                0.04736,                0.03206,                0.01862,                 2.2111,                 3.6289,                 1.8366,             4.8318e-06,             4.8318e-06,             4.8318e-06
                      4,                 1.8847,                 3.5252,                  1.602,                0.37204,                 0.0509,                 0.0356,                0.02114,                 2.1784,                   3.53,                 1.8127,              3.248e-06,              3.248e-06,              3.248e-06
                      5,                 1.8613,                 3.4354,                 1.5856,                0.35944,                0.05343,                0.03748,                0.02234,                 2.1664,                 3.4884,                 1.8063,              1.664e-06,              1.664e-06,              1.664e-06
